run,iteration,Eharris_eV,E_KS_eV,FreeEng_eV,dDmax,Fermi_eV,dHmax_eV,total_spin_moment,included_as
feo_lru_original,10,-7713.877461,-7713.776851,-7713.787080,0.028986,-2.389108,0.562982,-0.00082,every_10
feo_lru_original,20,-7714.049685,-7714.054382,-7714.063511,0.00355,-3.234901,0.396175,0.00039,every_10
feo_lru_original,30,-7714.136882,-7714.153350,-7714.160917,0.008396,-3.415676,0.389895,0.00165,every_10
feo_lru_original,40,-7714.130795,-7714.130796,-7714.141050,0.000762,-3.659200,0.052177,0.00022,every_10
feo_lru_original,50,-7714.142584,-7714.142450,-7714.152766,0.000719,-3.642960,0.097894,-0.00003,every_10
feo_lru_original,60,-7714.148735,-7714.145106,-7714.155416,0.006775,-3.645278,0.137455,-0.00146,every_10
feo_lru_original,70,-7714.140303,-7714.139156,-7714.149402,0.005266,-3.639813,0.089109,-0.00175,every_10
feo_lru_original,80,-7714.139180,-7714.145827,-7714.156187,0.011964,-3.646301,0.128296,-0.00264,every_10
feo_lru_original,90,-7714.161045,-7714.165019,-7714.175448,0.004359,-3.642220,0.197987,-0.00345,every_10
feo_lru_original,100,-7714.132240,-7714.156307,-7714.166662,0.025461,-3.640678,0.183154,0.00369,every_10
feo_lru_original,110,-7714.138877,-7714.137647,-7714.148010,0.003958,-3.631938,0.053167,0.00216,every_10
feo_lru_original,120,-7714.142300,-7714.142563,-7714.152901,0.000807,-3.632543,0.080617,0.00042,every_10
feo_lru_original,130,-7714.144440,-7714.146605,-7714.156965,0.006294,-3.628980,0.13609,-0.00444,every_10
feo_lru_original,140,-7714.135393,-7714.134948,-7714.145215,0.0122,-3.641268,0.097474,-0.00399,every_10
feo_lru_original,150,-7714.125506,-7714.152512,-7714.162866,0.027539,-3.647457,0.212262,-0.00087,every_10
feo_lru_original,160,-7714.139114,-7714.140021,-7714.150441,0.007267,-3.638956,0.088298,-0.00024,every_10
feo_lru_original,170,-7714.135618,-7714.133265,-7714.142802,0.080042,-3.652544,0.212331,-0.01793,every_10
feo_lru_original,180,-7714.159673,-7714.173104,-7714.183035,0.013469,-3.648362,0.246665,-0.00434,every_10
feo_lru_original,190,-7714.380560,-7714.569962,-7714.579152,0.044585,-3.652813,0.974575,-0.02584,every_10
feo_lru_original,200,-7715.356436,-7715.243528,-7715.246925,0.022832,-3.737945,2.008474,-0.08676,every_10
feo_lru_original,210,-7715.920708,-7715.883220,-7715.883220,0.026793,-3.762130,0.136567,-0.00000,every_10
feo_lru_original,220,-7716.034829,-7716.031295,-7716.031295,0.004877,-3.773541,0.128083,-0.00000,every_10
feo_lru_original,230,-7716.046559,-7716.046446,-7716.046446,0.000965,-3.761188,0.07636,0.00000,every_10
feo_lru_original,240,-7716.051143,-7716.049749,-7716.049749,0.003177,-3.765632,0.072855,-0.00000,every_10
feo_lru_original,250,-7716.050902,-7716.049934,-7716.049934,0.002127,-3.764085,0.072683,-0.00000,every_10
feo_lru_original,260,-7716.065534,-7716.063987,-7716.063987,0.004801,-3.770812,0.045865,-0.00000,every_10
feo_lru_original,270,-7716.066381,-7716.066945,-7716.066945,0.005846,-3.772369,0.036634,-0.00000,every_10
feo_lru_original,280,-7716.067663,-7716.067623,-7716.067623,0.00024,-3.772371,0.032028,-0.00000,every_10
feo_lru_original,281,-7716.070368,-7716.068669,-7716.068669,0.00699,-3.772971,0.028364,-0.00000,last_20
feo_lru_original,282,-7716.067034,-7716.067430,-7716.067430,0.008014,-3.772471,0.03401,-0.00000,last_20
feo_lru_original,283,-7716.067234,-7716.067353,-7716.067353,0.0007,-3.772621,0.037666,-0.00000,last_20
feo_lru_original,284,-7716.067747,-7716.067518,-7716.067518,0.00136,-3.772376,0.030668,-0.00000,last_20
feo_lru_original,285,-7716.069076,-7716.068202,-7716.068202,0.00416,-3.771752,0.030146,-0.00000,last_20
feo_lru_original,286,-7716.066524,-7716.067050,-7716.067050,0.006802,-3.772257,0.035786,-0.00000,last_20
feo_lru_original,287,-7716.068923,-7716.067843,-7716.067843,0.004715,-3.771958,0.031932,-0.00000,last_20
feo_lru_original,288,-7716.068408,-7716.068108,-7716.068108,0.001738,-3.772778,0.030421,-0.00000,last_20
feo_lru_original,289,-7716.070572,-7716.069040,-7716.069040,0.006745,-3.772885,0.025185,-0.00000,last_20
feo_lru_original,290,-7716.068025,-7716.068369,-7716.068369,0.005042,-3.771391,0.027807,-0.00000,every_10;last_20
feo_lru_original,291,-7716.068891,-7716.068749,-7716.068749,0.001141,-3.772565,0.02473,-0.00000,last_20
feo_lru_original,292,-7716.070070,-7716.069142,-7716.069142,0.004909,-3.773685,0.025199,-0.00000,last_20
feo_lru_original,293,-7716.071013,-7716.069807,-7716.069807,0.006688,-3.772276,0.019377,-0.00000,last_20
feo_lru_original,294,-7716.069161,-7716.069329,-7716.069329,0.004954,-3.772678,0.023159,-0.00000,last_20
feo_lru_original,295,-7716.069725,-7716.069508,-7716.069508,0.001924,-3.772586,0.022133,-0.00000,last_20
feo_lru_original,296,-7716.069533,-7716.069474,-7716.069474,0.001035,-3.771757,0.019874,-0.00000,last_20
feo_lru_original,297,-7716.070035,-7716.069777,-7716.069777,0.002246,-3.772073,0.020489,-0.00000,last_20
feo_lru_original,298,-7716.068844,-7716.068780,-7716.068780,0.009341,-3.771405,0.027153,-0.00000,last_20
feo_lru_original,299,-7716.068205,-7716.068442,-7716.068442,0.003017,-3.772452,0.028782,-0.00000,last_20
feo_lru_original,300,-7716.066019,-7716.067219,-7716.067219,0.015547,-3.772752,0.052055,-0.00000,every_10;last_20
feo_lru_mix001,10,-7713.674951,-7713.671640,-7713.683398,0.010713,-2.249645,0.893612,-0.00006,every_10
feo_lru_mix001,20,-7713.774306,-7713.787293,-7713.796050,0.01539,-2.555453,0.806425,0.02837,every_10
feo_lru_mix001,30,-7714.053195,-7714.054122,-7714.063227,0.004042,-3.234248,0.427416,0.00311,every_10
feo_lru_mix001,40,-7714.097500,-7714.070640,-7714.079109,0.016417,-3.215929,0.493257,-0.00079,every_10
feo_lru_mix001,50,-7714.125317,-7714.120863,-7714.130483,0.006869,-3.609883,0.236601,0.00829,every_10
feo_lru_mix001,60,-7714.092868,-7714.097250,-7714.105791,0.014737,-3.386817,0.286508,-0.00216,every_10
feo_lru_mix001,70,-7714.139516,-7714.139446,-7714.149342,0.000793,-3.590169,0.094998,0.01130,every_10
feo_lru_mix001,80,-7714.131675,-7714.136950,-7714.147171,0.015221,-3.571519,0.136339,0.01640,every_10
feo_lru_mix001,90,-7714.137839,-7714.137760,-7714.148283,0.002454,-3.605590,0.057027,0.01493,every_10
feo_lru_mix001,100,-7714.138463,-7714.138463,-7714.148982,0.000221,-3.614162,0.038848,0.01294,every_10
feo_lru_mix001,110,-7714.137824,-7714.137798,-7714.148339,0.001714,-3.617370,0.037856,0.01338,every_10
feo_lru_mix001,120,-7714.138795,-7714.138766,-7714.149346,0.001004,-3.630025,0.01781,0.01034,every_10
feo_lru_mix001,130,-7714.138245,-7714.138247,-7714.148841,0.000643,-3.631079,0.018021,0.01049,every_10
feo_lru_mix001,140,-7714.138363,-7714.138361,-7714.148952,0.000563,-3.631215,0.01823,0.01046,every_10
feo_lru_mix001,150,-7714.137856,-7714.137867,-7714.148464,0.000168,-3.631839,0.019475,0.01045,every_10
feo_lru_mix001,160,-7714.138220,-7714.138220,-7714.148810,0.00012,-3.631422,0.019612,0.01049,every_10
feo_lru_mix001,170,-7714.138273,-7714.138270,-7714.148857,6.8e-05,-3.631250,0.01948,0.01052,every_10
feo_lru_mix001,180,-7714.138296,-7714.138292,-7714.148878,0.000122,-3.631396,0.018722,0.01051,every_10
feo_lru_mix001,190,-7714.138201,-7714.138200,-7714.148790,0.000281,-3.631527,0.01858,0.01053,every_10
feo_lru_mix001,200,-7714.138383,-7714.138398,-7714.148981,0.000399,-3.631046,0.019584,0.01050,every_10
feo_lru_mix001,210,-7714.137678,-7714.137673,-7714.148257,0.000118,-3.631769,0.01132,0.01122,every_10
feo_lru_mix001,220,-7714.137950,-7714.137879,-7714.148436,0.001068,-3.628197,0.016564,0.01042,every_10
feo_lru_mix001,230,-7714.137954,-7714.137932,-7714.148483,0.000539,-3.627081,0.015909,0.01024,every_10
feo_lru_mix001,240,-7714.137747,-7714.137780,-7714.148365,0.000377,-3.631466,0.020591,0.00896,every_10
feo_lru_mix001,250,-7714.138073,-7714.137960,-7714.148562,0.002087,-3.632814,0.019322,0.00879,every_10
feo_lru_mix001,260,-7714.138608,-7714.138195,-7714.148777,0.003123,-3.630964,0.027035,0.00848,every_10
feo_lru_mix001,270,-7714.138312,-7714.138118,-7714.148693,0.001664,-3.627862,0.024285,0.00864,every_10
feo_lru_mix001,280,-7714.137849,-7714.137834,-7714.148422,0.000475,-3.631806,0.013222,0.00914,every_10
feo_lru_mix001,281,-7714.137651,-7714.137653,-7714.148247,0.000472,-3.631660,0.013177,0.00885,last_20
feo_lru_mix001,282,-7714.138205,-7714.138011,-7714.148603,0.00195,-3.632491,0.021843,0.00872,last_20
feo_lru_mix001,283,-7714.137850,-7714.137924,-7714.148510,0.001386,-3.631753,0.018363,0.00930,last_20
feo_lru_mix001,284,-7714.137896,-7714.137877,-7714.148481,0.000778,-3.634696,0.014406,0.00869,last_20
feo_lru_mix001,285,-7714.138118,-7714.138130,-7714.148727,0.000553,-3.634364,0.014547,0.00874,last_20
feo_lru_mix001,286,-7714.137547,-7714.137620,-7714.148233,0.000901,-3.635478,0.015548,0.00911,last_20
feo_lru_mix001,287,-7714.138135,-7714.137983,-7714.148583,0.002109,-3.633851,0.02059,0.00828,last_20
feo_lru_mix001,288,-7714.138024,-7714.138035,-7714.148623,0.000777,-3.631460,0.023199,0.00862,last_20
feo_lru_mix001,289,-7714.137996,-7714.137986,-7714.148581,0.000665,-3.632190,0.018957,0.00853,last_20
feo_lru_mix001,290,-7714.138249,-7714.138210,-7714.148800,0.000993,-3.632821,0.019388,0.00912,every_10;last_20
feo_lru_mix001,291,-7714.138202,-7714.138180,-7714.148771,0.000762,-3.631868,0.020819,0.00890,last_20
feo_lru_mix001,292,-7714.138118,-7714.138128,-7714.148725,0.000146,-3.632810,0.01951,0.00875,last_20
feo_lru_mix001,293,-7714.137806,-7714.137885,-7714.148477,0.003252,-3.633457,0.011928,0.00933,last_20
feo_lru_mix001,294,-7714.137955,-7714.137961,-7714.148556,0.000563,-3.633921,0.012787,0.00887,last_20
feo_lru_mix001,295,-7714.137808,-7714.137836,-7714.148437,0.001102,-3.635450,0.013656,0.00943,last_20
feo_lru_mix001,296,-7714.138195,-7714.138099,-7714.148680,0.001564,-3.631138,0.011286,0.00891,last_20
feo_lru_mix001,297,-7714.138167,-7714.138045,-7714.148638,0.002033,-3.632900,0.019112,0.00842,last_20
feo_lru_mix001,298,-7714.137898,-7714.137948,-7714.148535,0.002352,-3.630142,0.022158,0.00891,last_20
feo_lru_mix001,299,-7714.137860,-7714.137937,-7714.148526,0.001042,-3.630000,0.023546,0.00914,last_20
feo_lru_mix001,300,-7714.138113,-7714.138020,-7714.148606,0.001225,-3.630413,0.02193,0.00893,every_10;last_20
feo_lru_seedDM,10,-7715.506925,-7715.499276,-7715.499935,0.000882,-3.430984,1.166829,0.00056,every_10
feo_lru_seedDM,20,-7715.973331,-7715.959663,-7715.959663,0.004428,-3.779214,0.886211,0.00000,every_10
feo_lru_seedDM,30,-7716.042221,-7716.041151,-7716.041151,0.004583,-3.781772,0.144965,-0.00000,every_10
feo_lru_seedDM,40,-7716.044845,-7716.043934,-7716.043934,0.001778,-3.768442,0.07727,-0.00000,every_10
feo_lru_seedDM,50,-7716.044464,-7716.044236,-7716.044236,0.000677,-3.764200,0.074107,-0.00000,every_10
feo_lru_seedDM,60,-7716.050577,-7716.050879,-7716.050879,0.000725,-3.770086,0.060055,-0.00000,every_10
feo_lru_seedDM,70,-7716.056792,-7716.056758,-7716.056758,8.6e-05,-3.773398,0.048062,-0.00000,every_10
feo_lru_seedDM,80,-7716.056351,-7716.056268,-7716.056268,0.000255,-3.773059,0.049393,-0.00000,every_10
feo_lru_seedDM,90,-7716.057725,-7716.057232,-7716.057232,0.0013,-3.774943,0.045694,-0.00000,every_10
feo_lru_seedDM,100,-7716.056571,-7716.056563,-7716.056563,0.000185,-3.772546,0.048413,-0.00000,every_10
feo_lru_seedDM,110,-7716.057379,-7716.058072,-7716.058072,0.002138,-3.776065,0.045829,-0.00000,every_10
feo_lru_seedDM,120,-7716.058205,-7716.058181,-7716.058181,0.000115,-3.776508,0.044248,-0.00000,every_10
feo_lru_seedDM,130,-7716.058711,-7716.058453,-7716.058453,0.000711,-3.777030,0.048749,-0.00000,every_10
feo_lru_seedDM,140,-7716.058045,-7716.058265,-7716.058265,0.000638,-3.777362,0.047773,-0.00000,every_10
feo_lru_seedDM,150,-7716.058861,-7716.058863,-7716.058863,8e-06,-3.776817,0.042554,-0.00000,every_10
feo_lru_seedDM,160,-7716.059010,-7716.059134,-7716.059134,0.000968,-3.777171,0.048458,-0.00000,every_10
feo_lru_seedDM,170,-7716.058834,-7716.059236,-7716.059236,0.001288,-3.776557,0.046511,-0.00000,every_10
feo_lru_seedDM,180,-7716.059356,-7716.059805,-7716.059805,0.001613,-3.775618,0.044533,-0.00000,every_10
feo_lru_seedDM,190,-7716.059196,-7716.060157,-7716.060157,0.003702,-3.777189,0.043126,-0.00000,every_10
feo_lru_seedDM,200,-7716.060693,-7716.060364,-7716.060364,0.001036,-3.773985,0.042035,-0.00000,every_10
feo_lru_seedDM,210,-7716.060596,-7716.061855,-7716.061855,0.008826,-3.779416,0.037024,-0.00000,every_10
feo_lru_seedDM,220,-7716.061339,-7716.062278,-7716.062278,0.004512,-3.774959,0.039145,-0.00000,every_10
feo_lru_seedDM,230,-7716.063949,-7716.063478,-7716.063478,0.001576,-3.773614,0.038797,-0.00000,every_10
feo_lru_seedDM,240,-7716.062993,-7716.063314,-7716.063314,0.00115,-3.773421,0.042939,-0.00000,every_10
feo_lru_seedDM,250,-7716.066454,-7716.064688,-7716.064688,0.005418,-3.777519,0.03313,-0.00000,every_10
feo_lru_seedDM,260,-7716.063802,-7716.063548,-7716.063548,0.000988,-3.775524,0.033787,-0.00000,every_10
feo_lru_seedDM,270,-7716.062453,-7716.063005,-7716.063005,0.002424,-3.775391,0.038166,-0.00000,every_10
feo_lru_seedDM,280,-7716.063192,-7716.063337,-7716.063337,0.000544,-3.774896,0.0403,-0.00000,every_10
feo_lru_seedDM,281,-7716.063600,-7716.063446,-7716.063446,0.000597,-3.774923,0.036881,-0.00000,last_20
feo_lru_seedDM,282,-7716.063325,-7716.063394,-7716.063394,0.000287,-3.774992,0.038613,-0.00000,last_20
feo_lru_seedDM,283,-7716.062514,-7716.062921,-7716.062921,0.001659,-3.775288,0.038673,-0.00000,last_20
feo_lru_seedDM,284,-7716.063073,-7716.062992,-7716.062992,0.000299,-3.775309,0.037297,-0.00000,last_20
feo_lru_seedDM,285,-7716.064610,-7716.063747,-7716.063747,0.002818,-3.773894,0.036926,-0.00000,last_20
feo_lru_seedDM,286,-7716.064830,-7716.064259,-7716.064259,0.002034,-3.774058,0.035794,-0.00000,last_20
feo_lru_seedDM,287,-7716.065709,-7716.064927,-7716.064927,0.002789,-3.774536,0.034138,-0.00000,last_20
feo_lru_seedDM,288,-7716.064226,-7716.064556,-7716.064556,0.001325,-3.774766,0.040814,-0.00000,last_20
feo_lru_seedDM,289,-7716.065617,-7716.065147,-7716.065147,0.001956,-3.773332,0.0305,-0.00000,last_20
feo_lru_seedDM,290,-7716.065170,-7716.065162,-7716.065162,4.1e-05,-3.773282,0.03025,-0.00000,every_10;last_20
feo_lru_seedDM,291,-7716.065583,-7716.065320,-7716.065320,0.001111,-3.773209,0.031543,-0.00000,last_20
feo_lru_seedDM,292,-7716.064776,-7716.065087,-7716.065087,0.001291,-3.773472,0.037926,-0.00000,last_20
feo_lru_seedDM,293,-7716.064922,-7716.064976,-7716.064976,0.000252,-3.773883,0.033019,-0.00000,last_20
feo_lru_seedDM,294,-7716.065341,-7716.065153,-7716.065153,0.00087,-3.773571,0.028844,-0.00000,last_20
feo_lru_seedDM,295,-7716.067481,-7716.066170,-7716.066170,0.004633,-3.773329,0.029871,-0.00000,last_20
feo_lru_seedDM,296,-7716.065060,-7716.065553,-7716.065553,0.002919,-3.771389,0.031418,-0.00000,last_20
feo_lru_seedDM,297,-7716.065108,-7716.065274,-7716.065274,0.000771,-3.774210,0.036079,-0.00000,last_20
feo_lru_seedDM,298,-7716.065967,-7716.065683,-7716.065683,0.001326,-3.773671,0.028593,-0.00000,last_20
feo_lru_seedDM,299,-7716.066379,-7716.066007,-7716.066007,0.001605,-3.774374,0.029174,-0.00000,last_20
feo_lru_seedDM,300,-7716.064770,-7716.065312,-7716.065312,0.003279,-3.773887,0.03277,-0.00000,every_10;last_20
feo_lru_continuation_25pct,10,-7717.694815,-7717.702613,-7717.711378,0.025059,-3.474416,0.077848,-0.00187,every_10
feo_lru_continuation_25pct,20,-7717.724812,-7717.722041,-7717.730804,0.007872,-3.485342,0.064088,-0.00007,every_10
feo_lru_continuation_25pct,30,-7717.718150,-7717.719767,-7717.728354,0.004946,-3.489726,0.062256,-0.00044,every_10
feo_lru_continuation_25pct,40,-7717.715940,-7717.717710,-7717.726136,0.005976,-3.486559,0.055314,0.00012,every_10
feo_lru_continuation_25pct,50,-7717.723705,-7717.713486,-7717.722544,0.044599,-3.482211,0.038435,-0.00000,every_10
feo_lru_continuation_25pct,60,-7717.718889,-7717.718704,-7717.727199,0.000583,-3.490889,0.062569,-0.00028,every_10
feo_lru_continuation_25pct,70,-7717.710593,-7717.719104,-7717.728324,0.040886,-3.494416,0.065484,-0.00052,every_10
feo_lru_continuation_25pct,80,-7717.721896,-7717.721514,-7717.730265,0.00198,-3.489197,0.069034,-0.00045,every_10
feo_lru_continuation_25pct,90,-7717.722845,-7717.721310,-7717.730008,0.004206,-3.490393,0.068742,-0.00088,every_10
feo_lru_continuation_25pct,100,-7717.719748,-7717.719616,-7717.728171,0.001197,-3.494320,0.068882,-0.00095,every_10
feo_lru_continuation_25pct,110,-7717.713450,-7717.716987,-7717.725680,0.018018,-3.483771,0.048743,-0.00032,every_10
feo_lru_continuation_25pct,120,-7717.716029,-7717.717776,-7717.726161,0.007136,-3.494497,0.062469,-0.00087,every_10
feo_lru_continuation_25pct,130,-7717.751628,-7717.747329,-7717.756069,0.008479,-3.485509,0.111611,0.00031,every_10
feo_lru_continuation_25pct,140,-7717.717747,-7717.722738,-7717.731222,0.014228,-3.491194,0.077428,-0.00043,every_10
feo_lru_continuation_25pct,150,-7717.708398,-7717.718499,-7717.727557,0.077176,-3.485422,0.058703,-0.00182,every_10
feo_lru_continuation_25pct,160,-7717.743322,-7717.742594,-7717.751555,0.004493,-3.478719,0.096328,0.00315,every_10
feo_lru_continuation_25pct,170,-7717.761462,-7717.740195,-7717.746634,0.050208,-3.489814,0.1057,0.00342,every_10
feo_lru_continuation_25pct,180,-7717.743367,-7717.741679,-7717.750733,0.003393,-3.483601,0.101502,-0.00084,every_10
feo_lru_continuation_25pct,190,-7717.732915,-7717.732311,-7717.737710,0.020009,-3.548117,0.115382,-0.00045,every_10
feo_lru_continuation_25pct,200,-7717.746328,-7717.752923,-7717.762013,0.010654,-3.482265,0.136537,-0.00097,every_10
feo_lru_continuation_25pct,210,-7717.771575,-7717.772168,-7717.778411,0.00201,-3.493199,0.117115,0.00028,every_10
feo_lru_continuation_25pct,220,-7717.772820,-7717.772652,-7717.778918,0.000726,-3.494027,0.117231,0.00042,every_10
feo_lru_continuation_25pct,230,-7717.800474,-7717.818144,-7717.823657,0.026697,-3.530190,0.155491,-0.00129,every_10
feo_lru_continuation_25pct,240,-7717.904016,-7717.897450,-7717.897464,0.021461,-3.531854,0.140748,0.00000,every_10
feo_lru_continuation_25pct,250,-7717.907715,-7717.897470,-7717.897514,0.027759,-3.520945,0.082759,0.00002,every_10
feo_lru_continuation_25pct,260,-7717.904332,-7717.906850,-7717.906920,0.006639,-3.526138,0.122912,0.00004,every_10
feo_lru_continuation_25pct,270,-7717.928895,-7717.919808,-7717.919827,0.018488,-3.525404,0.104116,0.00000,every_10
feo_lru_continuation_25pct,280,-7717.911710,-7717.913137,-7717.913150,0.005629,-3.537763,0.072793,0.00000,every_10
feo_lru_continuation_25pct,281,-7717.916550,-7717.914771,-7717.914779,0.006323,-3.538117,0.055171,0.00000,last_20
feo_lru_continuation_25pct,282,-7717.919246,-7717.916903,-7717.916908,0.00791,-3.547477,0.047286,0.00000,last_20
feo_lru_continuation_25pct,283,-7717.919624,-7717.918171,-7717.918174,0.006678,-3.556558,0.047462,0.00000,last_20
feo_lru_continuation_25pct,284,-7717.914917,-7717.918443,-7717.918449,0.020606,-3.543949,0.064979,0.00000,last_20
feo_lru_continuation_25pct,285,-7717.929503,-7717.926659,-7717.926666,0.029238,-3.539302,0.069085,0.00000,last_20
feo_lru_continuation_25pct,286,-7717.918120,-7717.919450,-7717.919456,0.025517,-3.543918,0.064744,0.00000,last_20
feo_lru_continuation_25pct,287,-7717.917542,-7717.916383,-7717.916388,0.008172,-3.546860,0.047343,0.00000,last_20
feo_lru_continuation_25pct,288,-7717.916176,-7717.914576,-7717.914579,0.011053,-3.554961,0.027207,-0.00000,last_20
feo_lru_continuation_25pct,289,-7717.918539,-7717.918333,-7717.918336,0.001301,-3.555835,0.032557,-0.00000,last_20
feo_lru_continuation_25pct,290,-7717.920246,-7717.919195,-7717.919199,0.009796,-3.558300,0.032866,-0.00000,every_10;last_20
feo_lru_continuation_25pct,291,-7717.919190,-7717.919301,-7717.919304,0.000927,-3.559022,0.029748,-0.00000,last_20
feo_lru_continuation_25pct,292,-7717.919007,-7717.919044,-7717.919047,0.0016,-3.558782,0.030844,-0.00000,last_20
feo_lru_continuation_25pct,293,-7717.919508,-7717.919271,-7717.919274,0.001638,-3.559485,0.028719,-0.00000,last_20
feo_lru_continuation_25pct,294,-7717.919518,-7717.919392,-7717.919395,0.001634,-3.559133,0.029182,-0.00000,last_20
feo_lru_continuation_25pct,295,-7717.919621,-7717.919594,-7717.919597,0.000521,-3.558865,0.029538,-0.00000,last_20
feo_lru_continuation_25pct,296,-7717.919489,-7717.919699,-7717.919702,0.001594,-3.557838,0.032234,-0.00000,last_20
feo_lru_continuation_25pct,297,-7717.921598,-7717.920290,-7717.920292,0.007915,-3.564653,0.031272,-0.00000,last_20
feo_lru_continuation_25pct,298,-7717.921021,-7717.920618,-7717.920620,0.006371,-3.563389,0.023608,-0.00000,last_20
feo_lru_continuation_25pct,299,-7717.918596,-7717.919911,-7717.919914,0.015087,-3.561966,0.044209,-0.00000,last_20
feo_lru_continuation_25pct,300,-7717.919661,-7717.919573,-7717.919576,0.001686,-3.561140,0.026618,-0.00000,every_10;last_20
