material,grid_role,mode,observed_row_I,perturbed_column_J,alpha_eV,design_scale_eV,degree,design_columns,nominal_float_ols_weight_c1,exact_rational_weight_c1,exact_rational_weight_decimal,delta_weight_float_minus_exact
MnO,active_primary,BARE,0,0,-1/50,1/50,3,"1,x,x^2,x^3; x=alpha/max_abs_alpha",6.4425770308123465,2300/357,6.4425770308123251,2.1316282072803006e-14
MnO,active_primary,BARE,0,0,-1/100,1/50,3,"1,x,x^2,x^3; x=alpha/max_abs_alpha",-47.759103641456576,-17050/357,-47.759103641456583,7.1054273576010019e-15
MnO,active_primary,BARE,0,0,-1/200,1/50,3,"1,x,x^2,x^3; x=alpha/max_abs_alpha",-30.252100840336166,-3600/119,-30.252100840336134,-3.1974423109204508e-14
MnO,active_primary,BARE,0,0,1/200,1/50,3,"1,x,x^2,x^3; x=alpha/max_abs_alpha",30.252100840336148,3600/119,30.252100840336134,1.4210854715202004e-14
MnO,active_primary,BARE,0,0,1/100,1/50,3,"1,x,x^2,x^3; x=alpha/max_abs_alpha",47.759103641456598,17050/357,47.759103641456583,1.4210854715202004e-14
MnO,active_primary,BARE,0,0,1/50,1/50,3,"1,x,x^2,x^3; x=alpha/max_abs_alpha",-6.4425770308123465,-2300/357,-6.4425770308123251,-2.1316282072803006e-14
MnO,active_primary,BARE,1,0,-1/50,1/50,3,"1,x,x^2,x^3; x=alpha/max_abs_alpha",6.4425770308123465,2300/357,6.4425770308123251,2.1316282072803006e-14
MnO,active_primary,BARE,1,0,-1/100,1/50,3,"1,x,x^2,x^3; x=alpha/max_abs_alpha",-47.759103641456576,-17050/357,-47.759103641456583,7.1054273576010019e-15
MnO,active_primary,BARE,1,0,-1/200,1/50,3,"1,x,x^2,x^3; x=alpha/max_abs_alpha",-30.252100840336166,-3600/119,-30.252100840336134,-3.1974423109204508e-14
MnO,active_primary,BARE,1,0,1/200,1/50,3,"1,x,x^2,x^3; x=alpha/max_abs_alpha",30.252100840336148,3600/119,30.252100840336134,1.4210854715202004e-14
MnO,active_primary,BARE,1,0,1/100,1/50,3,"1,x,x^2,x^3; x=alpha/max_abs_alpha",47.759103641456598,17050/357,47.759103641456583,1.4210854715202004e-14
MnO,active_primary,BARE,1,0,1/50,1/50,3,"1,x,x^2,x^3; x=alpha/max_abs_alpha",-6.4425770308123465,-2300/357,-6.4425770308123251,-2.1316282072803006e-14
MnO,active_primary,BARE,0,1,-1/50,1/50,3,"1,x,x^2,x^3; x=alpha/max_abs_alpha",6.4425770308123465,2300/357,6.4425770308123251,2.1316282072803006e-14
MnO,active_primary,BARE,0,1,-1/100,1/50,3,"1,x,x^2,x^3; x=alpha/max_abs_alpha",-47.759103641456576,-17050/357,-47.759103641456583,7.1054273576010019e-15
MnO,active_primary,BARE,0,1,-1/200,1/50,3,"1,x,x^2,x^3; x=alpha/max_abs_alpha",-30.252100840336166,-3600/119,-30.252100840336134,-3.1974423109204508e-14
MnO,active_primary,BARE,0,1,1/200,1/50,3,"1,x,x^2,x^3; x=alpha/max_abs_alpha",30.252100840336148,3600/119,30.252100840336134,1.4210854715202004e-14
MnO,active_primary,BARE,0,1,1/100,1/50,3,"1,x,x^2,x^3; x=alpha/max_abs_alpha",47.759103641456598,17050/357,47.759103641456583,1.4210854715202004e-14
MnO,active_primary,BARE,0,1,1/50,1/50,3,"1,x,x^2,x^3; x=alpha/max_abs_alpha",-6.4425770308123465,-2300/357,-6.4425770308123251,-2.1316282072803006e-14
MnO,active_primary,BARE,1,1,-1/50,1/50,3,"1,x,x^2,x^3; x=alpha/max_abs_alpha",6.4425770308123465,2300/357,6.4425770308123251,2.1316282072803006e-14
MnO,active_primary,BARE,1,1,-1/100,1/50,3,"1,x,x^2,x^3; x=alpha/max_abs_alpha",-47.759103641456576,-17050/357,-47.759103641456583,7.1054273576010019e-15
MnO,active_primary,BARE,1,1,-1/200,1/50,3,"1,x,x^2,x^3; x=alpha/max_abs_alpha",-30.252100840336166,-3600/119,-30.252100840336134,-3.1974423109204508e-14
MnO,active_primary,BARE,1,1,1/200,1/50,3,"1,x,x^2,x^3; x=alpha/max_abs_alpha",30.252100840336148,3600/119,30.252100840336134,1.4210854715202004e-14
MnO,active_primary,BARE,1,1,1/100,1/50,3,"1,x,x^2,x^3; x=alpha/max_abs_alpha",47.759103641456598,17050/357,47.759103641456583,1.4210854715202004e-14
MnO,active_primary,BARE,1,1,1/50,1/50,3,"1,x,x^2,x^3; x=alpha/max_abs_alpha",-6.4425770308123465,-2300/357,-6.4425770308123251,-2.1316282072803006e-14
MnO,active_primary,SCREENED,0,0,-1/50,1/50,3,"1,x,x^2,x^3; x=alpha/max_abs_alpha",6.4425770308123465,2300/357,6.4425770308123251,2.1316282072803006e-14
MnO,active_primary,SCREENED,0,0,-1/100,1/50,3,"1,x,x^2,x^3; x=alpha/max_abs_alpha",-47.759103641456576,-17050/357,-47.759103641456583,7.1054273576010019e-15
MnO,active_primary,SCREENED,0,0,-1/200,1/50,3,"1,x,x^2,x^3; x=alpha/max_abs_alpha",-30.252100840336166,-3600/119,-30.252100840336134,-3.1974423109204508e-14
MnO,active_primary,SCREENED,0,0,1/200,1/50,3,"1,x,x^2,x^3; x=alpha/max_abs_alpha",30.252100840336148,3600/119,30.252100840336134,1.4210854715202004e-14
MnO,active_primary,SCREENED,0,0,1/100,1/50,3,"1,x,x^2,x^3; x=alpha/max_abs_alpha",47.759103641456598,17050/357,47.759103641456583,1.4210854715202004e-14
MnO,active_primary,SCREENED,0,0,1/50,1/50,3,"1,x,x^2,x^3; x=alpha/max_abs_alpha",-6.4425770308123465,-2300/357,-6.4425770308123251,-2.1316282072803006e-14
MnO,active_primary,SCREENED,1,0,-1/50,1/50,3,"1,x,x^2,x^3; x=alpha/max_abs_alpha",6.4425770308123465,2300/357,6.4425770308123251,2.1316282072803006e-14
MnO,active_primary,SCREENED,1,0,-1/100,1/50,3,"1,x,x^2,x^3; x=alpha/max_abs_alpha",-47.759103641456576,-17050/357,-47.759103641456583,7.1054273576010019e-15
MnO,active_primary,SCREENED,1,0,-1/200,1/50,3,"1,x,x^2,x^3; x=alpha/max_abs_alpha",-30.252100840336166,-3600/119,-30.252100840336134,-3.1974423109204508e-14
MnO,active_primary,SCREENED,1,0,1/200,1/50,3,"1,x,x^2,x^3; x=alpha/max_abs_alpha",30.252100840336148,3600/119,30.252100840336134,1.4210854715202004e-14
MnO,active_primary,SCREENED,1,0,1/100,1/50,3,"1,x,x^2,x^3; x=alpha/max_abs_alpha",47.759103641456598,17050/357,47.759103641456583,1.4210854715202004e-14
MnO,active_primary,SCREENED,1,0,1/50,1/50,3,"1,x,x^2,x^3; x=alpha/max_abs_alpha",-6.4425770308123465,-2300/357,-6.4425770308123251,-2.1316282072803006e-14
MnO,active_primary,SCREENED,0,1,-1/50,1/50,3,"1,x,x^2,x^3; x=alpha/max_abs_alpha",6.4425770308123465,2300/357,6.4425770308123251,2.1316282072803006e-14
MnO,active_primary,SCREENED,0,1,-1/100,1/50,3,"1,x,x^2,x^3; x=alpha/max_abs_alpha",-47.759103641456576,-17050/357,-47.759103641456583,7.1054273576010019e-15
MnO,active_primary,SCREENED,0,1,-1/200,1/50,3,"1,x,x^2,x^3; x=alpha/max_abs_alpha",-30.252100840336166,-3600/119,-30.252100840336134,-3.1974423109204508e-14
MnO,active_primary,SCREENED,0,1,1/200,1/50,3,"1,x,x^2,x^3; x=alpha/max_abs_alpha",30.252100840336148,3600/119,30.252100840336134,1.4210854715202004e-14
MnO,active_primary,SCREENED,0,1,1/100,1/50,3,"1,x,x^2,x^3; x=alpha/max_abs_alpha",47.759103641456598,17050/357,47.759103641456583,1.4210854715202004e-14
MnO,active_primary,SCREENED,0,1,1/50,1/50,3,"1,x,x^2,x^3; x=alpha/max_abs_alpha",-6.4425770308123465,-2300/357,-6.4425770308123251,-2.1316282072803006e-14
MnO,active_primary,SCREENED,1,1,-1/50,1/50,3,"1,x,x^2,x^3; x=alpha/max_abs_alpha",6.4425770308123465,2300/357,6.4425770308123251,2.1316282072803006e-14
MnO,active_primary,SCREENED,1,1,-1/100,1/50,3,"1,x,x^2,x^3; x=alpha/max_abs_alpha",-47.759103641456576,-17050/357,-47.759103641456583,7.1054273576010019e-15
MnO,active_primary,SCREENED,1,1,-1/200,1/50,3,"1,x,x^2,x^3; x=alpha/max_abs_alpha",-30.252100840336166,-3600/119,-30.252100840336134,-3.1974423109204508e-14
MnO,active_primary,SCREENED,1,1,1/200,1/50,3,"1,x,x^2,x^3; x=alpha/max_abs_alpha",30.252100840336148,3600/119,30.252100840336134,1.4210854715202004e-14
MnO,active_primary,SCREENED,1,1,1/100,1/50,3,"1,x,x^2,x^3; x=alpha/max_abs_alpha",47.759103641456598,17050/357,47.759103641456583,1.4210854715202004e-14
MnO,active_primary,SCREENED,1,1,1/50,1/50,3,"1,x,x^2,x^3; x=alpha/max_abs_alpha",-6.4425770308123465,-2300/357,-6.4425770308123251,-2.1316282072803006e-14
MnO,full_certificate_pre_fix,BARE,0,0,-3/50,3/50,3,"1,x,x^2,x^3; x=alpha/max_abs_alpha",3.8021587668057983,2134300/561339,3.8021587668057983,0
MnO,full_certificate_pre_fix,BARE,0,0,-1/25,3/50,3,"1,x,x^2,x^3; x=alpha/max_abs_alpha",-11.496104430132027,-12189400/1060307,-11.496104430132029,1.7763568394002505e-15
MnO,full_certificate_pre_fix,BARE,0,0,-1/50,3/50,3,"1,x,x^2,x^3; x=alpha/max_abs_alpha",-9.9573152974667742,-95020300/9542763,-9.9573152974667813,7.1054273576010019e-15
MnO,full_certificate_pre_fix,BARE,0,0,-1/100,3/50,3,"1,x,x^2,x^3; x=alpha/max_abs_alpha",-5.5048155340334812,-52531150/9542763,-5.5048155340334866,5.3290705182007514e-15
MnO,full_certificate_pre_fix,BARE,0,0,-1/200,3/50,3,"1,x,x^2,x^3; x=alpha/max_abs_alpha",-2.8181775026792546,-8964400/3180921,-2.8181775026792555,8.8817841970012523e-16
MnO,full_certificate_pre_fix,BARE,0,0,1/200,3/50,3,"1,x,x^2,x^3; x=alpha/max_abs_alpha",2.8181775026792533,8964400/3180921,2.8181775026792555,-2.2204460492503131e-15
MnO,full_certificate_pre_fix,BARE,0,0,1/100,3/50,3,"1,x,x^2,x^3; x=alpha/max_abs_alpha",5.504815534033483,52531150/9542763,5.5048155340334866,-3.5527136788005009e-15
MnO,full_certificate_pre_fix,BARE,0,0,1/50,3/50,3,"1,x,x^2,x^3; x=alpha/max_abs_alpha",9.9573152974667725,95020300/9542763,9.9573152974667813,-8.8817841970012523e-15
MnO,full_certificate_pre_fix,BARE,0,0,1/25,3/50,3,"1,x,x^2,x^3; x=alpha/max_abs_alpha",11.496104430132025,12189400/1060307,11.496104430132029,-3.5527136788005009e-15
MnO,full_certificate_pre_fix,BARE,0,0,3/50,3/50,3,"1,x,x^2,x^3; x=alpha/max_abs_alpha",-3.802158766805793,-2134300/561339,-3.8021587668057983,5.3290705182007514e-15
MnO,full_certificate_pre_fix,BARE,1,0,-3/50,3/50,3,"1,x,x^2,x^3; x=alpha/max_abs_alpha",3.8021587668057983,2134300/561339,3.8021587668057983,0
MnO,full_certificate_pre_fix,BARE,1,0,-1/25,3/50,3,"1,x,x^2,x^3; x=alpha/max_abs_alpha",-11.496104430132027,-12189400/1060307,-11.496104430132029,1.7763568394002505e-15
MnO,full_certificate_pre_fix,BARE,1,0,-1/50,3/50,3,"1,x,x^2,x^3; x=alpha/max_abs_alpha",-9.9573152974667742,-95020300/9542763,-9.9573152974667813,7.1054273576010019e-15
MnO,full_certificate_pre_fix,BARE,1,0,-1/100,3/50,3,"1,x,x^2,x^3; x=alpha/max_abs_alpha",-5.5048155340334812,-52531150/9542763,-5.5048155340334866,5.3290705182007514e-15
MnO,full_certificate_pre_fix,BARE,1,0,-1/200,3/50,3,"1,x,x^2,x^3; x=alpha/max_abs_alpha",-2.8181775026792546,-8964400/3180921,-2.8181775026792555,8.8817841970012523e-16
MnO,full_certificate_pre_fix,BARE,1,0,1/200,3/50,3,"1,x,x^2,x^3; x=alpha/max_abs_alpha",2.8181775026792533,8964400/3180921,2.8181775026792555,-2.2204460492503131e-15
MnO,full_certificate_pre_fix,BARE,1,0,1/100,3/50,3,"1,x,x^2,x^3; x=alpha/max_abs_alpha",5.504815534033483,52531150/9542763,5.5048155340334866,-3.5527136788005009e-15
MnO,full_certificate_pre_fix,BARE,1,0,1/50,3/50,3,"1,x,x^2,x^3; x=alpha/max_abs_alpha",9.9573152974667725,95020300/9542763,9.9573152974667813,-8.8817841970012523e-15
MnO,full_certificate_pre_fix,BARE,1,0,1/25,3/50,3,"1,x,x^2,x^3; x=alpha/max_abs_alpha",11.496104430132025,12189400/1060307,11.496104430132029,-3.5527136788005009e-15
MnO,full_certificate_pre_fix,BARE,1,0,3/50,3/50,3,"1,x,x^2,x^3; x=alpha/max_abs_alpha",-3.802158766805793,-2134300/561339,-3.8021587668057983,5.3290705182007514e-15
MnO,full_certificate_pre_fix,BARE,0,1,-3/50,3/50,3,"1,x,x^2,x^3; x=alpha/max_abs_alpha",3.8021587668057983,2134300/561339,3.8021587668057983,0
MnO,full_certificate_pre_fix,BARE,0,1,-1/25,3/50,3,"1,x,x^2,x^3; x=alpha/max_abs_alpha",-11.496104430132027,-12189400/1060307,-11.496104430132029,1.7763568394002505e-15
MnO,full_certificate_pre_fix,BARE,0,1,-1/50,3/50,3,"1,x,x^2,x^3; x=alpha/max_abs_alpha",-9.9573152974667742,-95020300/9542763,-9.9573152974667813,7.1054273576010019e-15
MnO,full_certificate_pre_fix,BARE,0,1,-1/100,3/50,3,"1,x,x^2,x^3; x=alpha/max_abs_alpha",-5.5048155340334812,-52531150/9542763,-5.5048155340334866,5.3290705182007514e-15
MnO,full_certificate_pre_fix,BARE,0,1,-1/200,3/50,3,"1,x,x^2,x^3; x=alpha/max_abs_alpha",-2.8181775026792546,-8964400/3180921,-2.8181775026792555,8.8817841970012523e-16
MnO,full_certificate_pre_fix,BARE,0,1,1/200,3/50,3,"1,x,x^2,x^3; x=alpha/max_abs_alpha",2.8181775026792533,8964400/3180921,2.8181775026792555,-2.2204460492503131e-15
MnO,full_certificate_pre_fix,BARE,0,1,1/100,3/50,3,"1,x,x^2,x^3; x=alpha/max_abs_alpha",5.504815534033483,52531150/9542763,5.5048155340334866,-3.5527136788005009e-15
MnO,full_certificate_pre_fix,BARE,0,1,1/50,3/50,3,"1,x,x^2,x^3; x=alpha/max_abs_alpha",9.9573152974667725,95020300/9542763,9.9573152974667813,-8.8817841970012523e-15
MnO,full_certificate_pre_fix,BARE,0,1,1/25,3/50,3,"1,x,x^2,x^3; x=alpha/max_abs_alpha",11.496104430132025,12189400/1060307,11.496104430132029,-3.5527136788005009e-15
MnO,full_certificate_pre_fix,BARE,0,1,3/50,3/50,3,"1,x,x^2,x^3; x=alpha/max_abs_alpha",-3.802158766805793,-2134300/561339,-3.8021587668057983,5.3290705182007514e-15
MnO,full_certificate_pre_fix,BARE,1,1,-3/50,3/50,3,"1,x,x^2,x^3; x=alpha/max_abs_alpha",3.8021587668057983,2134300/561339,3.8021587668057983,0
MnO,full_certificate_pre_fix,BARE,1,1,-1/25,3/50,3,"1,x,x^2,x^3; x=alpha/max_abs_alpha",-11.496104430132027,-12189400/1060307,-11.496104430132029,1.7763568394002505e-15
MnO,full_certificate_pre_fix,BARE,1,1,-1/50,3/50,3,"1,x,x^2,x^3; x=alpha/max_abs_alpha",-9.9573152974667742,-95020300/9542763,-9.9573152974667813,7.1054273576010019e-15
MnO,full_certificate_pre_fix,BARE,1,1,-1/100,3/50,3,"1,x,x^2,x^3; x=alpha/max_abs_alpha",-5.5048155340334812,-52531150/9542763,-5.5048155340334866,5.3290705182007514e-15
MnO,full_certificate_pre_fix,BARE,1,1,-1/200,3/50,3,"1,x,x^2,x^3; x=alpha/max_abs_alpha",-2.8181775026792546,-8964400/3180921,-2.8181775026792555,8.8817841970012523e-16
MnO,full_certificate_pre_fix,BARE,1,1,1/200,3/50,3,"1,x,x^2,x^3; x=alpha/max_abs_alpha",2.8181775026792533,8964400/3180921,2.8181775026792555,-2.2204460492503131e-15
MnO,full_certificate_pre_fix,BARE,1,1,1/100,3/50,3,"1,x,x^2,x^3; x=alpha/max_abs_alpha",5.504815534033483,52531150/9542763,5.5048155340334866,-3.5527136788005009e-15
MnO,full_certificate_pre_fix,BARE,1,1,1/50,3/50,3,"1,x,x^2,x^3; x=alpha/max_abs_alpha",9.9573152974667725,95020300/9542763,9.9573152974667813,-8.8817841970012523e-15
MnO,full_certificate_pre_fix,BARE,1,1,1/25,3/50,3,"1,x,x^2,x^3; x=alpha/max_abs_alpha",11.496104430132025,12189400/1060307,11.496104430132029,-3.5527136788005009e-15
MnO,full_certificate_pre_fix,BARE,1,1,3/50,3/50,3,"1,x,x^2,x^3; x=alpha/max_abs_alpha",-3.802158766805793,-2134300/561339,-3.8021587668057983,5.3290705182007514e-15
MnO,full_certificate_pre_fix,SCREENED,0,0,-3/50,3/50,3,"1,x,x^2,x^3; x=alpha/max_abs_alpha",3.8021587668057983,2134300/561339,3.8021587668057983,0
MnO,full_certificate_pre_fix,SCREENED,0,0,-1/25,3/50,3,"1,x,x^2,x^3; x=alpha/max_abs_alpha",-11.496104430132027,-12189400/1060307,-11.496104430132029,1.7763568394002505e-15
MnO,full_certificate_pre_fix,SCREENED,0,0,-1/50,3/50,3,"1,x,x^2,x^3; x=alpha/max_abs_alpha",-9.9573152974667742,-95020300/9542763,-9.9573152974667813,7.1054273576010019e-15
MnO,full_certificate_pre_fix,SCREENED,0,0,-1/100,3/50,3,"1,x,x^2,x^3; x=alpha/max_abs_alpha",-5.5048155340334812,-52531150/9542763,-5.5048155340334866,5.3290705182007514e-15
MnO,full_certificate_pre_fix,SCREENED,0,0,-1/200,3/50,3,"1,x,x^2,x^3; x=alpha/max_abs_alpha",-2.8181775026792546,-8964400/3180921,-2.8181775026792555,8.8817841970012523e-16
MnO,full_certificate_pre_fix,SCREENED,0,0,1/200,3/50,3,"1,x,x^2,x^3; x=alpha/max_abs_alpha",2.8181775026792533,8964400/3180921,2.8181775026792555,-2.2204460492503131e-15
MnO,full_certificate_pre_fix,SCREENED,0,0,1/100,3/50,3,"1,x,x^2,x^3; x=alpha/max_abs_alpha",5.504815534033483,52531150/9542763,5.5048155340334866,-3.5527136788005009e-15
MnO,full_certificate_pre_fix,SCREENED,0,0,1/50,3/50,3,"1,x,x^2,x^3; x=alpha/max_abs_alpha",9.9573152974667725,95020300/9542763,9.9573152974667813,-8.8817841970012523e-15
MnO,full_certificate_pre_fix,SCREENED,0,0,1/25,3/50,3,"1,x,x^2,x^3; x=alpha/max_abs_alpha",11.496104430132025,12189400/1060307,11.496104430132029,-3.5527136788005009e-15
MnO,full_certificate_pre_fix,SCREENED,0,0,3/50,3/50,3,"1,x,x^2,x^3; x=alpha/max_abs_alpha",-3.802158766805793,-2134300/561339,-3.8021587668057983,5.3290705182007514e-15
MnO,full_certificate_pre_fix,SCREENED,1,0,-3/50,3/50,3,"1,x,x^2,x^3; x=alpha/max_abs_alpha",3.8021587668057983,2134300/561339,3.8021587668057983,0
MnO,full_certificate_pre_fix,SCREENED,1,0,-1/25,3/50,3,"1,x,x^2,x^3; x=alpha/max_abs_alpha",-11.496104430132027,-12189400/1060307,-11.496104430132029,1.7763568394002505e-15
MnO,full_certificate_pre_fix,SCREENED,1,0,-1/50,3/50,3,"1,x,x^2,x^3; x=alpha/max_abs_alpha",-9.9573152974667742,-95020300/9542763,-9.9573152974667813,7.1054273576010019e-15
MnO,full_certificate_pre_fix,SCREENED,1,0,-1/100,3/50,3,"1,x,x^2,x^3; x=alpha/max_abs_alpha",-5.5048155340334812,-52531150/9542763,-5.5048155340334866,5.3290705182007514e-15
MnO,full_certificate_pre_fix,SCREENED,1,0,-1/200,3/50,3,"1,x,x^2,x^3; x=alpha/max_abs_alpha",-2.8181775026792546,-8964400/3180921,-2.8181775026792555,8.8817841970012523e-16
MnO,full_certificate_pre_fix,SCREENED,1,0,1/200,3/50,3,"1,x,x^2,x^3; x=alpha/max_abs_alpha",2.8181775026792533,8964400/3180921,2.8181775026792555,-2.2204460492503131e-15
MnO,full_certificate_pre_fix,SCREENED,1,0,1/100,3/50,3,"1,x,x^2,x^3; x=alpha/max_abs_alpha",5.504815534033483,52531150/9542763,5.5048155340334866,-3.5527136788005009e-15
MnO,full_certificate_pre_fix,SCREENED,1,0,1/50,3/50,3,"1,x,x^2,x^3; x=alpha/max_abs_alpha",9.9573152974667725,95020300/9542763,9.9573152974667813,-8.8817841970012523e-15
MnO,full_certificate_pre_fix,SCREENED,1,0,1/25,3/50,3,"1,x,x^2,x^3; x=alpha/max_abs_alpha",11.496104430132025,12189400/1060307,11.496104430132029,-3.5527136788005009e-15
MnO,full_certificate_pre_fix,SCREENED,1,0,3/50,3/50,3,"1,x,x^2,x^3; x=alpha/max_abs_alpha",-3.802158766805793,-2134300/561339,-3.8021587668057983,5.3290705182007514e-15
MnO,full_certificate_pre_fix,SCREENED,0,1,-3/50,3/50,3,"1,x,x^2,x^3; x=alpha/max_abs_alpha",3.8021587668057983,2134300/561339,3.8021587668057983,0
MnO,full_certificate_pre_fix,SCREENED,0,1,-1/25,3/50,3,"1,x,x^2,x^3; x=alpha/max_abs_alpha",-11.496104430132027,-12189400/1060307,-11.496104430132029,1.7763568394002505e-15
MnO,full_certificate_pre_fix,SCREENED,0,1,-1/50,3/50,3,"1,x,x^2,x^3; x=alpha/max_abs_alpha",-9.9573152974667742,-95020300/9542763,-9.9573152974667813,7.1054273576010019e-15
MnO,full_certificate_pre_fix,SCREENED,0,1,-1/100,3/50,3,"1,x,x^2,x^3; x=alpha/max_abs_alpha",-5.5048155340334812,-52531150/9542763,-5.5048155340334866,5.3290705182007514e-15
MnO,full_certificate_pre_fix,SCREENED,0,1,-1/200,3/50,3,"1,x,x^2,x^3; x=alpha/max_abs_alpha",-2.8181775026792546,-8964400/3180921,-2.8181775026792555,8.8817841970012523e-16
MnO,full_certificate_pre_fix,SCREENED,0,1,1/200,3/50,3,"1,x,x^2,x^3; x=alpha/max_abs_alpha",2.8181775026792533,8964400/3180921,2.8181775026792555,-2.2204460492503131e-15
MnO,full_certificate_pre_fix,SCREENED,0,1,1/100,3/50,3,"1,x,x^2,x^3; x=alpha/max_abs_alpha",5.504815534033483,52531150/9542763,5.5048155340334866,-3.5527136788005009e-15
MnO,full_certificate_pre_fix,SCREENED,0,1,1/50,3/50,3,"1,x,x^2,x^3; x=alpha/max_abs_alpha",9.9573152974667725,95020300/9542763,9.9573152974667813,-8.8817841970012523e-15
MnO,full_certificate_pre_fix,SCREENED,0,1,1/25,3/50,3,"1,x,x^2,x^3; x=alpha/max_abs_alpha",11.496104430132025,12189400/1060307,11.496104430132029,-3.5527136788005009e-15
MnO,full_certificate_pre_fix,SCREENED,0,1,3/50,3/50,3,"1,x,x^2,x^3; x=alpha/max_abs_alpha",-3.802158766805793,-2134300/561339,-3.8021587668057983,5.3290705182007514e-15
MnO,full_certificate_pre_fix,SCREENED,1,1,-3/50,3/50,3,"1,x,x^2,x^3; x=alpha/max_abs_alpha",3.8021587668057983,2134300/561339,3.8021587668057983,0
MnO,full_certificate_pre_fix,SCREENED,1,1,-1/25,3/50,3,"1,x,x^2,x^3; x=alpha/max_abs_alpha",-11.496104430132027,-12189400/1060307,-11.496104430132029,1.7763568394002505e-15
MnO,full_certificate_pre_fix,SCREENED,1,1,-1/50,3/50,3,"1,x,x^2,x^3; x=alpha/max_abs_alpha",-9.9573152974667742,-95020300/9542763,-9.9573152974667813,7.1054273576010019e-15
MnO,full_certificate_pre_fix,SCREENED,1,1,-1/100,3/50,3,"1,x,x^2,x^3; x=alpha/max_abs_alpha",-5.5048155340334812,-52531150/9542763,-5.5048155340334866,5.3290705182007514e-15
MnO,full_certificate_pre_fix,SCREENED,1,1,-1/200,3/50,3,"1,x,x^2,x^3; x=alpha/max_abs_alpha",-2.8181775026792546,-8964400/3180921,-2.8181775026792555,8.8817841970012523e-16
MnO,full_certificate_pre_fix,SCREENED,1,1,1/200,3/50,3,"1,x,x^2,x^3; x=alpha/max_abs_alpha",2.8181775026792533,8964400/3180921,2.8181775026792555,-2.2204460492503131e-15
MnO,full_certificate_pre_fix,SCREENED,1,1,1/100,3/50,3,"1,x,x^2,x^3; x=alpha/max_abs_alpha",5.504815534033483,52531150/9542763,5.5048155340334866,-3.5527136788005009e-15
MnO,full_certificate_pre_fix,SCREENED,1,1,1/50,3/50,3,"1,x,x^2,x^3; x=alpha/max_abs_alpha",9.9573152974667725,95020300/9542763,9.9573152974667813,-8.8817841970012523e-15
MnO,full_certificate_pre_fix,SCREENED,1,1,1/25,3/50,3,"1,x,x^2,x^3; x=alpha/max_abs_alpha",11.496104430132025,12189400/1060307,11.496104430132029,-3.5527136788005009e-15
MnO,full_certificate_pre_fix,SCREENED,1,1,3/50,3/50,3,"1,x,x^2,x^3; x=alpha/max_abs_alpha",-3.802158766805793,-2134300/561339,-3.8021587668057983,5.3290705182007514e-15
CoO,active_primary,BARE,0,0,-1/50,1/50,3,"1,x,x^2,x^3; x=alpha/max_abs_alpha",6.4425770308123465,2300/357,6.4425770308123251,2.1316282072803006e-14
CoO,active_primary,BARE,0,0,-1/100,1/50,3,"1,x,x^2,x^3; x=alpha/max_abs_alpha",-47.759103641456576,-17050/357,-47.759103641456583,7.1054273576010019e-15
CoO,active_primary,BARE,0,0,-1/200,1/50,3,"1,x,x^2,x^3; x=alpha/max_abs_alpha",-30.252100840336166,-3600/119,-30.252100840336134,-3.1974423109204508e-14
CoO,active_primary,BARE,0,0,1/200,1/50,3,"1,x,x^2,x^3; x=alpha/max_abs_alpha",30.252100840336148,3600/119,30.252100840336134,1.4210854715202004e-14
CoO,active_primary,BARE,0,0,1/100,1/50,3,"1,x,x^2,x^3; x=alpha/max_abs_alpha",47.759103641456598,17050/357,47.759103641456583,1.4210854715202004e-14
CoO,active_primary,BARE,0,0,1/50,1/50,3,"1,x,x^2,x^3; x=alpha/max_abs_alpha",-6.4425770308123465,-2300/357,-6.4425770308123251,-2.1316282072803006e-14
CoO,active_primary,BARE,1,0,-1/50,1/50,3,"1,x,x^2,x^3; x=alpha/max_abs_alpha",6.4425770308123465,2300/357,6.4425770308123251,2.1316282072803006e-14
CoO,active_primary,BARE,1,0,-1/100,1/50,3,"1,x,x^2,x^3; x=alpha/max_abs_alpha",-47.759103641456576,-17050/357,-47.759103641456583,7.1054273576010019e-15
CoO,active_primary,BARE,1,0,-1/200,1/50,3,"1,x,x^2,x^3; x=alpha/max_abs_alpha",-30.252100840336166,-3600/119,-30.252100840336134,-3.1974423109204508e-14
CoO,active_primary,BARE,1,0,1/200,1/50,3,"1,x,x^2,x^3; x=alpha/max_abs_alpha",30.252100840336148,3600/119,30.252100840336134,1.4210854715202004e-14
CoO,active_primary,BARE,1,0,1/100,1/50,3,"1,x,x^2,x^3; x=alpha/max_abs_alpha",47.759103641456598,17050/357,47.759103641456583,1.4210854715202004e-14
CoO,active_primary,BARE,1,0,1/50,1/50,3,"1,x,x^2,x^3; x=alpha/max_abs_alpha",-6.4425770308123465,-2300/357,-6.4425770308123251,-2.1316282072803006e-14
CoO,active_primary,BARE,0,1,-1/50,1/50,3,"1,x,x^2,x^3; x=alpha/max_abs_alpha",6.4425770308123465,2300/357,6.4425770308123251,2.1316282072803006e-14
CoO,active_primary,BARE,0,1,-1/100,1/50,3,"1,x,x^2,x^3; x=alpha/max_abs_alpha",-47.759103641456576,-17050/357,-47.759103641456583,7.1054273576010019e-15
CoO,active_primary,BARE,0,1,-1/200,1/50,3,"1,x,x^2,x^3; x=alpha/max_abs_alpha",-30.252100840336166,-3600/119,-30.252100840336134,-3.1974423109204508e-14
CoO,active_primary,BARE,0,1,1/200,1/50,3,"1,x,x^2,x^3; x=alpha/max_abs_alpha",30.252100840336148,3600/119,30.252100840336134,1.4210854715202004e-14
CoO,active_primary,BARE,0,1,1/100,1/50,3,"1,x,x^2,x^3; x=alpha/max_abs_alpha",47.759103641456598,17050/357,47.759103641456583,1.4210854715202004e-14
CoO,active_primary,BARE,0,1,1/50,1/50,3,"1,x,x^2,x^3; x=alpha/max_abs_alpha",-6.4425770308123465,-2300/357,-6.4425770308123251,-2.1316282072803006e-14
CoO,active_primary,BARE,1,1,-1/50,1/50,3,"1,x,x^2,x^3; x=alpha/max_abs_alpha",6.4425770308123465,2300/357,6.4425770308123251,2.1316282072803006e-14
CoO,active_primary,BARE,1,1,-1/100,1/50,3,"1,x,x^2,x^3; x=alpha/max_abs_alpha",-47.759103641456576,-17050/357,-47.759103641456583,7.1054273576010019e-15
CoO,active_primary,BARE,1,1,-1/200,1/50,3,"1,x,x^2,x^3; x=alpha/max_abs_alpha",-30.252100840336166,-3600/119,-30.252100840336134,-3.1974423109204508e-14
CoO,active_primary,BARE,1,1,1/200,1/50,3,"1,x,x^2,x^3; x=alpha/max_abs_alpha",30.252100840336148,3600/119,30.252100840336134,1.4210854715202004e-14
CoO,active_primary,BARE,1,1,1/100,1/50,3,"1,x,x^2,x^3; x=alpha/max_abs_alpha",47.759103641456598,17050/357,47.759103641456583,1.4210854715202004e-14
CoO,active_primary,BARE,1,1,1/50,1/50,3,"1,x,x^2,x^3; x=alpha/max_abs_alpha",-6.4425770308123465,-2300/357,-6.4425770308123251,-2.1316282072803006e-14
CoO,active_primary,SCREENED,0,0,-1/50,1/50,3,"1,x,x^2,x^3; x=alpha/max_abs_alpha",6.4425770308123465,2300/357,6.4425770308123251,2.1316282072803006e-14
CoO,active_primary,SCREENED,0,0,-1/100,1/50,3,"1,x,x^2,x^3; x=alpha/max_abs_alpha",-47.759103641456576,-17050/357,-47.759103641456583,7.1054273576010019e-15
CoO,active_primary,SCREENED,0,0,-1/200,1/50,3,"1,x,x^2,x^3; x=alpha/max_abs_alpha",-30.252100840336166,-3600/119,-30.252100840336134,-3.1974423109204508e-14
CoO,active_primary,SCREENED,0,0,1/200,1/50,3,"1,x,x^2,x^3; x=alpha/max_abs_alpha",30.252100840336148,3600/119,30.252100840336134,1.4210854715202004e-14
CoO,active_primary,SCREENED,0,0,1/100,1/50,3,"1,x,x^2,x^3; x=alpha/max_abs_alpha",47.759103641456598,17050/357,47.759103641456583,1.4210854715202004e-14
CoO,active_primary,SCREENED,0,0,1/50,1/50,3,"1,x,x^2,x^3; x=alpha/max_abs_alpha",-6.4425770308123465,-2300/357,-6.4425770308123251,-2.1316282072803006e-14
CoO,active_primary,SCREENED,1,0,-1/50,1/50,3,"1,x,x^2,x^3; x=alpha/max_abs_alpha",6.4425770308123465,2300/357,6.4425770308123251,2.1316282072803006e-14
CoO,active_primary,SCREENED,1,0,-1/100,1/50,3,"1,x,x^2,x^3; x=alpha/max_abs_alpha",-47.759103641456576,-17050/357,-47.759103641456583,7.1054273576010019e-15
CoO,active_primary,SCREENED,1,0,-1/200,1/50,3,"1,x,x^2,x^3; x=alpha/max_abs_alpha",-30.252100840336166,-3600/119,-30.252100840336134,-3.1974423109204508e-14
CoO,active_primary,SCREENED,1,0,1/200,1/50,3,"1,x,x^2,x^3; x=alpha/max_abs_alpha",30.252100840336148,3600/119,30.252100840336134,1.4210854715202004e-14
CoO,active_primary,SCREENED,1,0,1/100,1/50,3,"1,x,x^2,x^3; x=alpha/max_abs_alpha",47.759103641456598,17050/357,47.759103641456583,1.4210854715202004e-14
CoO,active_primary,SCREENED,1,0,1/50,1/50,3,"1,x,x^2,x^3; x=alpha/max_abs_alpha",-6.4425770308123465,-2300/357,-6.4425770308123251,-2.1316282072803006e-14
CoO,active_primary,SCREENED,0,1,-1/50,1/50,3,"1,x,x^2,x^3; x=alpha/max_abs_alpha",6.4425770308123465,2300/357,6.4425770308123251,2.1316282072803006e-14
CoO,active_primary,SCREENED,0,1,-1/100,1/50,3,"1,x,x^2,x^3; x=alpha/max_abs_alpha",-47.759103641456576,-17050/357,-47.759103641456583,7.1054273576010019e-15
CoO,active_primary,SCREENED,0,1,-1/200,1/50,3,"1,x,x^2,x^3; x=alpha/max_abs_alpha",-30.252100840336166,-3600/119,-30.252100840336134,-3.1974423109204508e-14
CoO,active_primary,SCREENED,0,1,1/200,1/50,3,"1,x,x^2,x^3; x=alpha/max_abs_alpha",30.252100840336148,3600/119,30.252100840336134,1.4210854715202004e-14
CoO,active_primary,SCREENED,0,1,1/100,1/50,3,"1,x,x^2,x^3; x=alpha/max_abs_alpha",47.759103641456598,17050/357,47.759103641456583,1.4210854715202004e-14
CoO,active_primary,SCREENED,0,1,1/50,1/50,3,"1,x,x^2,x^3; x=alpha/max_abs_alpha",-6.4425770308123465,-2300/357,-6.4425770308123251,-2.1316282072803006e-14
CoO,active_primary,SCREENED,1,1,-1/50,1/50,3,"1,x,x^2,x^3; x=alpha/max_abs_alpha",6.4425770308123465,2300/357,6.4425770308123251,2.1316282072803006e-14
CoO,active_primary,SCREENED,1,1,-1/100,1/50,3,"1,x,x^2,x^3; x=alpha/max_abs_alpha",-47.759103641456576,-17050/357,-47.759103641456583,7.1054273576010019e-15
CoO,active_primary,SCREENED,1,1,-1/200,1/50,3,"1,x,x^2,x^3; x=alpha/max_abs_alpha",-30.252100840336166,-3600/119,-30.252100840336134,-3.1974423109204508e-14
CoO,active_primary,SCREENED,1,1,1/200,1/50,3,"1,x,x^2,x^3; x=alpha/max_abs_alpha",30.252100840336148,3600/119,30.252100840336134,1.4210854715202004e-14
CoO,active_primary,SCREENED,1,1,1/100,1/50,3,"1,x,x^2,x^3; x=alpha/max_abs_alpha",47.759103641456598,17050/357,47.759103641456583,1.4210854715202004e-14
CoO,active_primary,SCREENED,1,1,1/50,1/50,3,"1,x,x^2,x^3; x=alpha/max_abs_alpha",-6.4425770308123465,-2300/357,-6.4425770308123251,-2.1316282072803006e-14
CoO,full_certificate_pre_fix,BARE,0,0,-3/50,3/50,3,"1,x,x^2,x^3; x=alpha/max_abs_alpha",3.8021587668057983,2134300/561339,3.8021587668057983,0
CoO,full_certificate_pre_fix,BARE,0,0,-1/25,3/50,3,"1,x,x^2,x^3; x=alpha/max_abs_alpha",-11.496104430132027,-12189400/1060307,-11.496104430132029,1.7763568394002505e-15
CoO,full_certificate_pre_fix,BARE,0,0,-1/50,3/50,3,"1,x,x^2,x^3; x=alpha/max_abs_alpha",-9.9573152974667742,-95020300/9542763,-9.9573152974667813,7.1054273576010019e-15
CoO,full_certificate_pre_fix,BARE,0,0,-1/100,3/50,3,"1,x,x^2,x^3; x=alpha/max_abs_alpha",-5.5048155340334812,-52531150/9542763,-5.5048155340334866,5.3290705182007514e-15
CoO,full_certificate_pre_fix,BARE,0,0,-1/200,3/50,3,"1,x,x^2,x^3; x=alpha/max_abs_alpha",-2.8181775026792546,-8964400/3180921,-2.8181775026792555,8.8817841970012523e-16
CoO,full_certificate_pre_fix,BARE,0,0,1/200,3/50,3,"1,x,x^2,x^3; x=alpha/max_abs_alpha",2.8181775026792533,8964400/3180921,2.8181775026792555,-2.2204460492503131e-15
CoO,full_certificate_pre_fix,BARE,0,0,1/100,3/50,3,"1,x,x^2,x^3; x=alpha/max_abs_alpha",5.504815534033483,52531150/9542763,5.5048155340334866,-3.5527136788005009e-15
CoO,full_certificate_pre_fix,BARE,0,0,1/50,3/50,3,"1,x,x^2,x^3; x=alpha/max_abs_alpha",9.9573152974667725,95020300/9542763,9.9573152974667813,-8.8817841970012523e-15
CoO,full_certificate_pre_fix,BARE,0,0,1/25,3/50,3,"1,x,x^2,x^3; x=alpha/max_abs_alpha",11.496104430132025,12189400/1060307,11.496104430132029,-3.5527136788005009e-15
CoO,full_certificate_pre_fix,BARE,0,0,3/50,3/50,3,"1,x,x^2,x^3; x=alpha/max_abs_alpha",-3.802158766805793,-2134300/561339,-3.8021587668057983,5.3290705182007514e-15
CoO,full_certificate_pre_fix,BARE,1,0,-3/50,3/50,3,"1,x,x^2,x^3; x=alpha/max_abs_alpha",3.8021587668057983,2134300/561339,3.8021587668057983,0
CoO,full_certificate_pre_fix,BARE,1,0,-1/25,3/50,3,"1,x,x^2,x^3; x=alpha/max_abs_alpha",-11.496104430132027,-12189400/1060307,-11.496104430132029,1.7763568394002505e-15
CoO,full_certificate_pre_fix,BARE,1,0,-1/50,3/50,3,"1,x,x^2,x^3; x=alpha/max_abs_alpha",-9.9573152974667742,-95020300/9542763,-9.9573152974667813,7.1054273576010019e-15
CoO,full_certificate_pre_fix,BARE,1,0,-1/100,3/50,3,"1,x,x^2,x^3; x=alpha/max_abs_alpha",-5.5048155340334812,-52531150/9542763,-5.5048155340334866,5.3290705182007514e-15
CoO,full_certificate_pre_fix,BARE,1,0,-1/200,3/50,3,"1,x,x^2,x^3; x=alpha/max_abs_alpha",-2.8181775026792546,-8964400/3180921,-2.8181775026792555,8.8817841970012523e-16
CoO,full_certificate_pre_fix,BARE,1,0,1/200,3/50,3,"1,x,x^2,x^3; x=alpha/max_abs_alpha",2.8181775026792533,8964400/3180921,2.8181775026792555,-2.2204460492503131e-15
CoO,full_certificate_pre_fix,BARE,1,0,1/100,3/50,3,"1,x,x^2,x^3; x=alpha/max_abs_alpha",5.504815534033483,52531150/9542763,5.5048155340334866,-3.5527136788005009e-15
CoO,full_certificate_pre_fix,BARE,1,0,1/50,3/50,3,"1,x,x^2,x^3; x=alpha/max_abs_alpha",9.9573152974667725,95020300/9542763,9.9573152974667813,-8.8817841970012523e-15
CoO,full_certificate_pre_fix,BARE,1,0,1/25,3/50,3,"1,x,x^2,x^3; x=alpha/max_abs_alpha",11.496104430132025,12189400/1060307,11.496104430132029,-3.5527136788005009e-15
CoO,full_certificate_pre_fix,BARE,1,0,3/50,3/50,3,"1,x,x^2,x^3; x=alpha/max_abs_alpha",-3.802158766805793,-2134300/561339,-3.8021587668057983,5.3290705182007514e-15
CoO,full_certificate_pre_fix,BARE,0,1,-3/50,3/50,3,"1,x,x^2,x^3; x=alpha/max_abs_alpha",3.8021587668057983,2134300/561339,3.8021587668057983,0
CoO,full_certificate_pre_fix,BARE,0,1,-1/25,3/50,3,"1,x,x^2,x^3; x=alpha/max_abs_alpha",-11.496104430132027,-12189400/1060307,-11.496104430132029,1.7763568394002505e-15
CoO,full_certificate_pre_fix,BARE,0,1,-1/50,3/50,3,"1,x,x^2,x^3; x=alpha/max_abs_alpha",-9.9573152974667742,-95020300/9542763,-9.9573152974667813,7.1054273576010019e-15
CoO,full_certificate_pre_fix,BARE,0,1,-1/100,3/50,3,"1,x,x^2,x^3; x=alpha/max_abs_alpha",-5.5048155340334812,-52531150/9542763,-5.5048155340334866,5.3290705182007514e-15
CoO,full_certificate_pre_fix,BARE,0,1,-1/200,3/50,3,"1,x,x^2,x^3; x=alpha/max_abs_alpha",-2.8181775026792546,-8964400/3180921,-2.8181775026792555,8.8817841970012523e-16
CoO,full_certificate_pre_fix,BARE,0,1,1/200,3/50,3,"1,x,x^2,x^3; x=alpha/max_abs_alpha",2.8181775026792533,8964400/3180921,2.8181775026792555,-2.2204460492503131e-15
CoO,full_certificate_pre_fix,BARE,0,1,1/100,3/50,3,"1,x,x^2,x^3; x=alpha/max_abs_alpha",5.504815534033483,52531150/9542763,5.5048155340334866,-3.5527136788005009e-15
CoO,full_certificate_pre_fix,BARE,0,1,1/50,3/50,3,"1,x,x^2,x^3; x=alpha/max_abs_alpha",9.9573152974667725,95020300/9542763,9.9573152974667813,-8.8817841970012523e-15
CoO,full_certificate_pre_fix,BARE,0,1,1/25,3/50,3,"1,x,x^2,x^3; x=alpha/max_abs_alpha",11.496104430132025,12189400/1060307,11.496104430132029,-3.5527136788005009e-15
CoO,full_certificate_pre_fix,BARE,0,1,3/50,3/50,3,"1,x,x^2,x^3; x=alpha/max_abs_alpha",-3.802158766805793,-2134300/561339,-3.8021587668057983,5.3290705182007514e-15
CoO,full_certificate_pre_fix,BARE,1,1,-3/50,3/50,3,"1,x,x^2,x^3; x=alpha/max_abs_alpha",3.8021587668057983,2134300/561339,3.8021587668057983,0
CoO,full_certificate_pre_fix,BARE,1,1,-1/25,3/50,3,"1,x,x^2,x^3; x=alpha/max_abs_alpha",-11.496104430132027,-12189400/1060307,-11.496104430132029,1.7763568394002505e-15
CoO,full_certificate_pre_fix,BARE,1,1,-1/50,3/50,3,"1,x,x^2,x^3; x=alpha/max_abs_alpha",-9.9573152974667742,-95020300/9542763,-9.9573152974667813,7.1054273576010019e-15
CoO,full_certificate_pre_fix,BARE,1,1,-1/100,3/50,3,"1,x,x^2,x^3; x=alpha/max_abs_alpha",-5.5048155340334812,-52531150/9542763,-5.5048155340334866,5.3290705182007514e-15
CoO,full_certificate_pre_fix,BARE,1,1,-1/200,3/50,3,"1,x,x^2,x^3; x=alpha/max_abs_alpha",-2.8181775026792546,-8964400/3180921,-2.8181775026792555,8.8817841970012523e-16
CoO,full_certificate_pre_fix,BARE,1,1,1/200,3/50,3,"1,x,x^2,x^3; x=alpha/max_abs_alpha",2.8181775026792533,8964400/3180921,2.8181775026792555,-2.2204460492503131e-15
CoO,full_certificate_pre_fix,BARE,1,1,1/100,3/50,3,"1,x,x^2,x^3; x=alpha/max_abs_alpha",5.504815534033483,52531150/9542763,5.5048155340334866,-3.5527136788005009e-15
CoO,full_certificate_pre_fix,BARE,1,1,1/50,3/50,3,"1,x,x^2,x^3; x=alpha/max_abs_alpha",9.9573152974667725,95020300/9542763,9.9573152974667813,-8.8817841970012523e-15
CoO,full_certificate_pre_fix,BARE,1,1,1/25,3/50,3,"1,x,x^2,x^3; x=alpha/max_abs_alpha",11.496104430132025,12189400/1060307,11.496104430132029,-3.5527136788005009e-15
CoO,full_certificate_pre_fix,BARE,1,1,3/50,3/50,3,"1,x,x^2,x^3; x=alpha/max_abs_alpha",-3.802158766805793,-2134300/561339,-3.8021587668057983,5.3290705182007514e-15
CoO,full_certificate_pre_fix,SCREENED,0,0,-3/50,3/50,3,"1,x,x^2,x^3; x=alpha/max_abs_alpha",3.8021587668057983,2134300/561339,3.8021587668057983,0
CoO,full_certificate_pre_fix,SCREENED,0,0,-1/25,3/50,3,"1,x,x^2,x^3; x=alpha/max_abs_alpha",-11.496104430132027,-12189400/1060307,-11.496104430132029,1.7763568394002505e-15
CoO,full_certificate_pre_fix,SCREENED,0,0,-1/50,3/50,3,"1,x,x^2,x^3; x=alpha/max_abs_alpha",-9.9573152974667742,-95020300/9542763,-9.9573152974667813,7.1054273576010019e-15
CoO,full_certificate_pre_fix,SCREENED,0,0,-1/100,3/50,3,"1,x,x^2,x^3; x=alpha/max_abs_alpha",-5.5048155340334812,-52531150/9542763,-5.5048155340334866,5.3290705182007514e-15
CoO,full_certificate_pre_fix,SCREENED,0,0,-1/200,3/50,3,"1,x,x^2,x^3; x=alpha/max_abs_alpha",-2.8181775026792546,-8964400/3180921,-2.8181775026792555,8.8817841970012523e-16
CoO,full_certificate_pre_fix,SCREENED,0,0,1/200,3/50,3,"1,x,x^2,x^3; x=alpha/max_abs_alpha",2.8181775026792533,8964400/3180921,2.8181775026792555,-2.2204460492503131e-15
CoO,full_certificate_pre_fix,SCREENED,0,0,1/100,3/50,3,"1,x,x^2,x^3; x=alpha/max_abs_alpha",5.504815534033483,52531150/9542763,5.5048155340334866,-3.5527136788005009e-15
CoO,full_certificate_pre_fix,SCREENED,0,0,1/50,3/50,3,"1,x,x^2,x^3; x=alpha/max_abs_alpha",9.9573152974667725,95020300/9542763,9.9573152974667813,-8.8817841970012523e-15
CoO,full_certificate_pre_fix,SCREENED,0,0,1/25,3/50,3,"1,x,x^2,x^3; x=alpha/max_abs_alpha",11.496104430132025,12189400/1060307,11.496104430132029,-3.5527136788005009e-15
CoO,full_certificate_pre_fix,SCREENED,0,0,3/50,3/50,3,"1,x,x^2,x^3; x=alpha/max_abs_alpha",-3.802158766805793,-2134300/561339,-3.8021587668057983,5.3290705182007514e-15
CoO,full_certificate_pre_fix,SCREENED,1,0,-3/50,3/50,3,"1,x,x^2,x^3; x=alpha/max_abs_alpha",3.8021587668057983,2134300/561339,3.8021587668057983,0
CoO,full_certificate_pre_fix,SCREENED,1,0,-1/25,3/50,3,"1,x,x^2,x^3; x=alpha/max_abs_alpha",-11.496104430132027,-12189400/1060307,-11.496104430132029,1.7763568394002505e-15
CoO,full_certificate_pre_fix,SCREENED,1,0,-1/50,3/50,3,"1,x,x^2,x^3; x=alpha/max_abs_alpha",-9.9573152974667742,-95020300/9542763,-9.9573152974667813,7.1054273576010019e-15
CoO,full_certificate_pre_fix,SCREENED,1,0,-1/100,3/50,3,"1,x,x^2,x^3; x=alpha/max_abs_alpha",-5.5048155340334812,-52531150/9542763,-5.5048155340334866,5.3290705182007514e-15
CoO,full_certificate_pre_fix,SCREENED,1,0,-1/200,3/50,3,"1,x,x^2,x^3; x=alpha/max_abs_alpha",-2.8181775026792546,-8964400/3180921,-2.8181775026792555,8.8817841970012523e-16
CoO,full_certificate_pre_fix,SCREENED,1,0,1/200,3/50,3,"1,x,x^2,x^3; x=alpha/max_abs_alpha",2.8181775026792533,8964400/3180921,2.8181775026792555,-2.2204460492503131e-15
CoO,full_certificate_pre_fix,SCREENED,1,0,1/100,3/50,3,"1,x,x^2,x^3; x=alpha/max_abs_alpha",5.504815534033483,52531150/9542763,5.5048155340334866,-3.5527136788005009e-15
CoO,full_certificate_pre_fix,SCREENED,1,0,1/50,3/50,3,"1,x,x^2,x^3; x=alpha/max_abs_alpha",9.9573152974667725,95020300/9542763,9.9573152974667813,-8.8817841970012523e-15
CoO,full_certificate_pre_fix,SCREENED,1,0,1/25,3/50,3,"1,x,x^2,x^3; x=alpha/max_abs_alpha",11.496104430132025,12189400/1060307,11.496104430132029,-3.5527136788005009e-15
CoO,full_certificate_pre_fix,SCREENED,1,0,3/50,3/50,3,"1,x,x^2,x^3; x=alpha/max_abs_alpha",-3.802158766805793,-2134300/561339,-3.8021587668057983,5.3290705182007514e-15
CoO,full_certificate_pre_fix,SCREENED,0,1,-3/50,3/50,3,"1,x,x^2,x^3; x=alpha/max_abs_alpha",3.8021587668057983,2134300/561339,3.8021587668057983,0
CoO,full_certificate_pre_fix,SCREENED,0,1,-1/25,3/50,3,"1,x,x^2,x^3; x=alpha/max_abs_alpha",-11.496104430132027,-12189400/1060307,-11.496104430132029,1.7763568394002505e-15
CoO,full_certificate_pre_fix,SCREENED,0,1,-1/50,3/50,3,"1,x,x^2,x^3; x=alpha/max_abs_alpha",-9.9573152974667742,-95020300/9542763,-9.9573152974667813,7.1054273576010019e-15
CoO,full_certificate_pre_fix,SCREENED,0,1,-1/100,3/50,3,"1,x,x^2,x^3; x=alpha/max_abs_alpha",-5.5048155340334812,-52531150/9542763,-5.5048155340334866,5.3290705182007514e-15
CoO,full_certificate_pre_fix,SCREENED,0,1,-1/200,3/50,3,"1,x,x^2,x^3; x=alpha/max_abs_alpha",-2.8181775026792546,-8964400/3180921,-2.8181775026792555,8.8817841970012523e-16
CoO,full_certificate_pre_fix,SCREENED,0,1,1/200,3/50,3,"1,x,x^2,x^3; x=alpha/max_abs_alpha",2.8181775026792533,8964400/3180921,2.8181775026792555,-2.2204460492503131e-15
CoO,full_certificate_pre_fix,SCREENED,0,1,1/100,3/50,3,"1,x,x^2,x^3; x=alpha/max_abs_alpha",5.504815534033483,52531150/9542763,5.5048155340334866,-3.5527136788005009e-15
CoO,full_certificate_pre_fix,SCREENED,0,1,1/50,3/50,3,"1,x,x^2,x^3; x=alpha/max_abs_alpha",9.9573152974667725,95020300/9542763,9.9573152974667813,-8.8817841970012523e-15
CoO,full_certificate_pre_fix,SCREENED,0,1,1/25,3/50,3,"1,x,x^2,x^3; x=alpha/max_abs_alpha",11.496104430132025,12189400/1060307,11.496104430132029,-3.5527136788005009e-15
CoO,full_certificate_pre_fix,SCREENED,0,1,3/50,3/50,3,"1,x,x^2,x^3; x=alpha/max_abs_alpha",-3.802158766805793,-2134300/561339,-3.8021587668057983,5.3290705182007514e-15
CoO,full_certificate_pre_fix,SCREENED,1,1,-3/50,3/50,3,"1,x,x^2,x^3; x=alpha/max_abs_alpha",3.8021587668057983,2134300/561339,3.8021587668057983,0
CoO,full_certificate_pre_fix,SCREENED,1,1,-1/25,3/50,3,"1,x,x^2,x^3; x=alpha/max_abs_alpha",-11.496104430132027,-12189400/1060307,-11.496104430132029,1.7763568394002505e-15
CoO,full_certificate_pre_fix,SCREENED,1,1,-1/50,3/50,3,"1,x,x^2,x^3; x=alpha/max_abs_alpha",-9.9573152974667742,-95020300/9542763,-9.9573152974667813,7.1054273576010019e-15
CoO,full_certificate_pre_fix,SCREENED,1,1,-1/100,3/50,3,"1,x,x^2,x^3; x=alpha/max_abs_alpha",-5.5048155340334812,-52531150/9542763,-5.5048155340334866,5.3290705182007514e-15
CoO,full_certificate_pre_fix,SCREENED,1,1,-1/200,3/50,3,"1,x,x^2,x^3; x=alpha/max_abs_alpha",-2.8181775026792546,-8964400/3180921,-2.8181775026792555,8.8817841970012523e-16
CoO,full_certificate_pre_fix,SCREENED,1,1,1/200,3/50,3,"1,x,x^2,x^3; x=alpha/max_abs_alpha",2.8181775026792533,8964400/3180921,2.8181775026792555,-2.2204460492503131e-15
CoO,full_certificate_pre_fix,SCREENED,1,1,1/100,3/50,3,"1,x,x^2,x^3; x=alpha/max_abs_alpha",5.504815534033483,52531150/9542763,5.5048155340334866,-3.5527136788005009e-15
CoO,full_certificate_pre_fix,SCREENED,1,1,1/50,3/50,3,"1,x,x^2,x^3; x=alpha/max_abs_alpha",9.9573152974667725,95020300/9542763,9.9573152974667813,-8.8817841970012523e-15
CoO,full_certificate_pre_fix,SCREENED,1,1,1/25,3/50,3,"1,x,x^2,x^3; x=alpha/max_abs_alpha",11.496104430132025,12189400/1060307,11.496104430132029,-3.5527136788005009e-15
CoO,full_certificate_pre_fix,SCREENED,1,1,3/50,3/50,3,"1,x,x^2,x^3; x=alpha/max_abs_alpha",-3.802158766805793,-2134300/561339,-3.8021587668057983,5.3290705182007514e-15
