material,mode,observed_row_I,perturbed_column_J,alpha_vector_nominal_eV,alpha_vector_exact_rational_eV,polynomial_degree,nominal_slope,exact_center_slope,exact_center_slope_decimal,certified_slope_lower,certified_slope_upper,nominal_contained
MnO,BARE,0,0,"[-0.02,-0.01,-0.005,0.005,0.01,0.02]","[-1/50,-1/100,-1/200,1/200,1/100,1/50]",3,-662151260503999/5000000000000000,-19699/148750,-0.13243025210084033,-9011/68000,-314983/2380000,true
MnO,BARE,0,1,"[-0.02,-0.01,-0.005,0.005,0.01,0.02]","[-1/50,-1/100,-1/200,1/200,1/100,1/50]",3,1016467086835311/25000000000000000,290303/7140000,0.040658683473389357,2897/71400,20779/510000,true
MnO,BARE,1,0,"[-0.02,-0.01,-0.005,0.005,0.01,0.02]","[-1/50,-1/100,-1/200,1/200,1/100,1/50]",3,1016467086835311/25000000000000000,290303/7140000,0.040658683473389357,2897/71400,20779/510000,true
MnO,BARE,1,1,"[-0.02,-0.01,-0.005,0.005,0.01,0.02]","[-1/50,-1/100,-1/200,1/200,1/100,1/50]",3,-662151260503999/5000000000000000,-19699/148750,-0.13243025210084033,-9011/68000,-314983/2380000,true
MnO,SCREENED,0,0,"[-0.02,-0.01,-0.005,0.005,0.01,0.02]","[-1/50,-1/100,-1/200,1/200,1/100,1/50]",3,-1039210084033643/20000000000000000,-61833/1190000,-0.05196050420168067,-123867/2380000,-24693/476000,true
MnO,SCREENED,0,1,"[-0.02,-0.01,-0.005,0.005,0.01,0.02]","[-1/50,-1/100,-1/200,1/200,1/100,1/50]",3,5387114845924721/1000000000000000000,1202/223125,0.005387114845938375,37861/7140000,5581/1020000,true
MnO,SCREENED,1,0,"[-0.02,-0.01,-0.005,0.005,0.01,0.02]","[-1/50,-1/100,-1/200,1/200,1/100,1/50]",3,5387114845924721/1000000000000000000,1202/223125,0.005387114845938375,37861/7140000,5581/1020000,true
MnO,SCREENED,1,1,"[-0.02,-0.01,-0.005,0.005,0.01,0.02]","[-1/50,-1/100,-1/200,1/200,1/100,1/50]",3,-10393389355742029/200000000000000000,-92761/1785000,-0.051966946778711484,-371647/7140000,-370441/7140000,true
CoO,BARE,0,0,"[-0.02,-0.01,-0.005,0.005,0.01,0.02]","[-1/50,-1/100,-1/200,1/200,1/100,1/50]",3,-6776698879551647/5000000000000000,-4838563/3570000,-1.3553397759103643,-9677729/7140000,-9676523/7140000,true
CoO,BARE,0,1,"[-0.02,-0.01,-0.005,0.005,0.01,0.02]","[-1/50,-1/100,-1/200,1/200,1/100,1/50]",3,12056655462185077/10000000000000000,717371/595000,1.2056655462184873,2869283/2380000,4823/4000,true
CoO,BARE,1,0,"[-0.02,-0.01,-0.005,0.005,0.01,0.02]","[-1/50,-1/100,-1/200,1/200,1/100,1/50]",3,753559873949573/625000000000000,717389/595000,1.2056957983193277,573871/476000,2869757/2380000,true
CoO,BARE,1,1,"[-0.02,-0.01,-0.005,0.005,0.01,0.02]","[-1/50,-1/100,-1/200,1/200,1/100,1/50]",3,-108424761904761/80000000000000,-56923/42000,-1.3553095238095239,-9677513/7140000,-9676307/7140000,true
CoO,SCREENED,0,0,"[-0.02,-0.01,-0.005,0.005,0.01,0.02]","[-1/50,-1/100,-1/200,1/200,1/100,1/50]",3,-11706316526607617/100000000000000000,-835831/7140000,-0.11706316526610644,-24601/210000,-208807/1785000,true
CoO,SCREENED,0,1,"[-0.02,-0.01,-0.005,0.005,0.01,0.02]","[-1/50,-1/100,-1/200,1/200,1/100,1/50]",3,172457983193219/5000000000000000,8209/238000,0.034491596638655461,4817/140000,82291/2380000,true
CoO,SCREENED,1,0,"[-0.02,-0.01,-0.005,0.005,0.01,0.02]","[-1/50,-1/100,-1/200,1/200,1/100,1/50]",3,172457983193219/5000000000000000,8209/238000,0.034491596638655461,4817/140000,82291/2380000,true
CoO,SCREENED,1,1,"[-0.02,-0.01,-0.005,0.005,0.01,0.02]","[-1/50,-1/100,-1/200,1/200,1/100,1/50]",3,-11706316526607617/100000000000000000,-835831/7140000,-0.11706316526610644,-24601/210000,-208807/1785000,true
